{"results":[{"@name":"3","@path":"/facilities/3","@id":"db5ecebd-0e4a-4864-865e-7b6d2c5de2c9","@nodeType":"facility","jcr:createdBy":"admin","vrThumbnail":{"@name":"Cardio-Featured-Image.jpg","@path":"/Cardio-Featured-Image.jpg","@id":"jcr:3c024497-c23d-48bd-9a0c-133dd23a65cf","@link":"/dam/jcr:3c024497-c23d-48bd-9a0c-133dd23a65cf/Cardio-Featured-Image.jpg","metadata":{"fileName":"Cardio-Featured-Image.jpg","mimeType":"image/jpeg","fileSize":"163478","height":"285","width":"580","format":"image/jpeg","creator":["mgl_admin"],"date":"2019-11-23T15:08:13.485+08:00","created":"2019-11-11T12:12:55.314+08:00","modified":"2019-11-23T15:08:13.485+08:00"}},"name":"Testing for Faciities","jcr:mixinTypes":["mgnl:hasVersion"],"jcr:created":"2019-12-03T14:25:45.447+08:00","mgnl:created":"2019-11-28T17:51:52.252+08:00","writeup":"","mgnl:createdBy":"superuser","featureImage":"jcr:3c024497-c23d-48bd-9a0c-133dd23a65cf","vrImage":{"@name":"Cardio-Featured-Image.jpg","@path":"/Cardio-Featured-Image.jpg","@id":"jcr:3c024497-c23d-48bd-9a0c-133dd23a65cf","@link":"/dam/jcr:3c024497-c23d-48bd-9a0c-133dd23a65cf/Cardio-Featured-Image.jpg","metadata":{"fileName":"Cardio-Featured-Image.jpg","mimeType":"image/jpeg","fileSize":"163478","height":"285","width":"580","format":"image/jpeg","creator":["mgl_admin"],"date":"2019-11-23T15:08:13.485+08:00","created":"2019-11-11T12:12:55.314+08:00","modified":"2019-11-23T15:08:13.485+08:00"}},"mgnl:lastModified":"2019-12-03T14:25:45.463+08:00","entityType":"entity type","floorLevel":"12","facilityType":"940045d7-b63a-45b1-a4d0-78f1f4f9ee7b","mgnl:lastModifiedBy":"anonymous","@nodes":[]},{"@name":"14","@path":"/facilities/14","@id":"b5d887c2-241b-450b-b4a7-4ae99a516a66","@nodeType":"facility","jcr:createdBy":"admin","vrThumbnail":{"@name":"Cardio-Featured-Image.jpg","@path":"/Cardio-Featured-Image.jpg","@id":"jcr:3c024497-c23d-48bd-9a0c-133dd23a65cf","@link":"/dam/jcr:3c024497-c23d-48bd-9a0c-133dd23a65cf/Cardio-Featured-Image.jpg","metadata":{"fileName":"Cardio-Featured-Image.jpg","mimeType":"image/jpeg","fileSize":"163478","height":"285","width":"580","format":"image/jpeg","creator":["mgl_admin"],"date":"2019-11-23T15:08:13.485+08:00","created":"2019-11-11T12:12:55.314+08:00","modified":"2019-11-23T15:08:13.485+08:00"}},"name":"Teaching Clinic","mgnl:lastActivatedBy":"superuser","jcr:created":"2019-11-23T15:06:59.292+08:00","mgnl:lastActivated":"2019-11-23T15:06:59.386+08:00","mgnl:created":"2019-10-22T11:46:07.269+08:00","writeup":"To be used by specialists to demonstrate care and treatment given to actual patients with a group of 8 to 10 medical students observing.","mgnl:createdBy":"superuser","featureImage":"jcr:3c024497-c23d-48bd-9a0c-133dd23a65cf","vrImage":{"@name":"Cardio-Featured-Image.jpg","@path":"/Cardio-Featured-Image.jpg","@id":"jcr:3c024497-c23d-48bd-9a0c-133dd23a65cf","@link":"/dam/jcr:3c024497-c23d-48bd-9a0c-133dd23a65cf/Cardio-Featured-Image.jpg","metadata":{"fileName":"Cardio-Featured-Image.jpg","mimeType":"image/jpeg","fileSize":"163478","height":"285","width":"580","format":"image/jpeg","creator":["mgl_admin"],"date":"2019-11-23T15:08:13.485+08:00","created":"2019-11-11T12:12:55.314+08:00","modified":"2019-11-23T15:08:13.485+08:00"}},"snippet":"To be used by specialists to demonstrate care and treatment given to actual patients with a group of 8 to 10 medical students observing.","mgnl:lastModified":"2019-12-03T14:25:45.713+08:00","mgnl:activationStatus":"true","entityType":"FPH","facilityType":"f1b8cdfc-b4fa-4c9b-bfb1-1f49a46c725a","floorLevel":"10","mgnl:lastModifiedBy":"anonymous","@nodes":[]},{"@name":"13","@path":"/facilities/13","@id":"a46fcf3a-15c6-43e0-a1aa-0ef40cdfd0ff","@nodeType":"facility","jcr:createdBy":"admin","vrThumbnail":{"@name":"Cardio-Featured-Image.jpg","@path":"/Cardio-Featured-Image.jpg","@id":"jcr:3c024497-c23d-48bd-9a0c-133dd23a65cf","@link":"/dam/jcr:3c024497-c23d-48bd-9a0c-133dd23a65cf/Cardio-Featured-Image.jpg","metadata":{"fileName":"Cardio-Featured-Image.jpg","mimeType":"image/jpeg","fileSize":"163478","height":"285","width":"580","format":"image/jpeg","creator":["mgl_admin"],"date":"2019-11-23T15:08:13.485+08:00","created":"2019-11-11T12:12:55.314+08:00","modified":"2019-11-23T15:08:13.485+08:00"}},"name":"Cardiovascular Suite","mgnl:lastActivatedBy":"superuser","mgnl:lastActivated":"2019-11-23T15:06:59.574+08:00","jcr:created":"2019-11-23T15:06:59.464+08:00","mgnl:created":"2019-10-22T11:43:54.312+08:00","writeup":"The Cardiovascular suite is equipped with the most current angiography equipment that can perform cardiovascular procedures and.","mgnl:createdBy":"superuser","featureImage":"jcr:3c024497-c23d-48bd-9a0c-133dd23a65cf","vrImage":{"@name":"Cardio-Featured-Image.jpg","@path":"/Cardio-Featured-Image.jpg","@id":"jcr:3c024497-c23d-48bd-9a0c-133dd23a65cf","@link":"/dam/jcr:3c024497-c23d-48bd-9a0c-133dd23a65cf/Cardio-Featured-Image.jpg","metadata":{"fileName":"Cardio-Featured-Image.jpg","mimeType":"image/jpeg","fileSize":"163478","height":"285","width":"580","format":"image/jpeg","creator":["mgl_admin"],"date":"2019-11-23T15:08:13.485+08:00","created":"2019-11-11T12:12:55.314+08:00","modified":"2019-11-23T15:08:13.485+08:00"}},"snippet":"The Cardiovascular suite is equipped with the most current angiography equipment that can perform cardiovascular procedures and.","mgnl:lastModified":"2019-12-03T14:25:45.900+08:00","mgnl:activationStatus":"true","entityType":"FPH","facilityType":"940045d7-b63a-45b1-a4d0-78f1f4f9ee7b","floorLevel":"6","mgnl:lastModifiedBy":"anonymous","@nodes":[]},{"@name":"12","@path":"/facilities/12","@id":"e9b9d7c8-574d-41ed-aa2f-418c3985bd75","@nodeType":"facility","jcr:createdBy":"admin","name":"24 HR Emergency Clinic","mgnl:lastActivated":"2019-11-28T14:19:30.146+08:00","mgnl:created":"2019-10-22T11:43:12.273+08:00","mgnl:lastActivatedVersion":"1.2","snippet":"The 24 HR Emergency Clinic â€‹is well-equipped with consultation rooms, an observation bay, a critical care area, and rooms for dressing, procedures.","mgnl:activationStatus":"true","vrThumbnail":{"@name":"24hr_emergency_clinic.jpg","@path":"/CareandSupport/24HREmergencyClinic/24hr_emergency_clinic.jpg","@id":"jcr:f4affd7f-5866-4d72-9cd4-43de0af3a498","@link":"/dam/jcr:f4affd7f-5866-4d72-9cd4-43de0af3a498/24hr_emergency_clinic.jpg","metadata":{"fileName":"24hr_emergency_clinic.jpg","mimeType":"image/jpeg","fileSize":"115193","height":"500","width":"1590","format":"image/jpeg","creator":["mgl_admin"],"date":"2019-11-23T15:08:46.836+08:00","created":"2019-11-08T06:02:43.392+08:00","modified":"2019-11-23T15:08:46.836+08:00"}},"mgnl:lastActivatedBy":"mgl_admin","jcr:mixinTypes":["mgnl:hasVersion"],"jcr:created":"2019-11-23T15:06:59.652+08:00","writeup":"<style type=\"text/css\">img {\n\t\t\t\t\tborder-radius: 5px;\n\t\t\t\t}\n</style>\n<h3>The 24 HR Emergency Clinic â€‹is well-equipped with consultation rooms, an observation bay, a critical care area, and rooms for dressing, procedures and isolation.</h3>\n\n<p>In addition, there are also special function rooms for eye and ear examinations and minor orthopaedic procedures. For patients&rsquo; comfort and convenience, personal particulars of patients&rsquo; can be taken at their bedside.</p>\n\n<p>The Ambulance drop-off and Diagnostic Imaging Suite are located in close proximity to the Clinic, enabling patients to transit quickly with immediate access to needed services. From the Clinic, the laboratory, pharmacy, ICU and operating rooms are accessible, cutting down on transit time between services, enhancing patients&rsquo; comfort and safety.</p>\n\n<p>Outside the emergency rooms, next to the ambulance bays, is a large green zone for segregated holding of persons in case of infectious disease outbreaks. The floor of this area is painted with antibacterial paint.</p>\n\n<p></p>\n\n<p><strong>Our Services include:</strong></p>\n\n<div align=\"center\" class=\"card-deck\">\n<div class=\"card\" style=\"border-radius: 5px;\"><img alt=\"...\" class=\"card-img-top\" src=\"${link:{uuid:{62b2d206-a8c3-4d2e-8dc2-276604ef6dba},repository:{dam},path:{/CareandSupport/24HREmergencyClinic/icon_24HR_Emergency_Clinic.png},nodeData:{},extension:{2019-11-08-06-03-14.png}}}\" />\n<div class=\"card-body\">\n<p></p>\n\n<p class=\"card-text\"><strong>24 HR Emergency Clinic</strong><br />\nfor Medical/Surgical Emergencies &amp; Outpatient Consultation</p>\n\n<p></p>\n</div>\n</div>\n\n<div class=\"card\" style=\"border-radius: 5px;\"><img alt=\"...\" class=\"card-img-top\" src=\"${link:{uuid:{d28d6e02-12d8-4830-bbd4-789259371dcf},repository:{dam},path:{/CareandSupport/24HREmergencyClinic/icon_fast_access.png},nodeData:{},extension:{2019-11-08-06-03-28.png}}}\" />\n<div class=\"card-body\">\n<p></p>\n\n<p class=\"card-text\"><strong>Fast Access</strong><br />\nto Specialist</p>\n\n<p></p>\n</div>\n</div>\n\n<div class=\"card\" style=\"border-radius: 5px;\"><img alt=\"...\" class=\"card-img-top\" src=\"${link:{uuid:{b04b32e0-2b89-4fb1-b696-156bc957688d},repository:{dam},path:{/CareandSupport/24HREmergencyClinic/icon_laboratory_radiology_services.png},nodeData:{},extension:{2019-11-08-06-03-45.png}}}\" />\n<div class=\"card-body\">\n<p></p>\n\n<p class=\"card-text\"><strong>Laboratory and<br />\nRadiology Services</strong><br />\n24 hours on site</p>\n\n<p></p>\n</div>\n</div>\n</div>\n\n<p></p>\n\n<p></p>\n\n<p><strong>Our field of Specialities:</strong></p>\n\n<div class=\"mb-5\">\n<div class=\"row d-flex flex-row align-items-top\">\n<div class=\"col-6\">\n<h2>Medical</h2>\n\n<ul>\n\t<li><a href=\"${link:{uuid:{1cf82f28-14a8-4fff-b758-86e728eb91bd},repository:{website},path:{/farrerpark/for-patients-and-visitors/specialty/detail},nodeData:{},extension:{html}}}?id=2\" title=\"Cardiology\">Cardiology</a></li>\n\t<li><a href=\"${link:{uuid:{1cf82f28-14a8-4fff-b758-86e728eb91bd},repository:{website},path:{/farrerpark/for-patients-and-visitors/specialty/detail},nodeData:{},extension:{html}}}?id=10\" title=\"Endocrinology\">Endocrinology</a></li>\n\t<li><a href=\"${link:{uuid:{1cf82f28-14a8-4fff-b758-86e728eb91bd},repository:{website},path:{/farrerpark/for-patients-and-visitors/specialty/detail},nodeData:{},extension:{html}}}?id=11\" title=\"Gastroenterology\">Gastroenterology</a></li>\n\t<li><a href=\"${link:{uuid:{1cf82f28-14a8-4fff-b758-86e728eb91bd},repository:{website},path:{/farrerpark/for-patients-and-visitors/specialty/detail},nodeData:{},extension:{html}}}?id=15\" title=\"Infectious Diseases\">Infectious Diseasesâ€‹</a></li>\n\t<li><a href=\"${link:{uuid:{1cf82f28-14a8-4fff-b758-86e728eb91bd},repository:{website},path:{/farrerpark/for-patients-and-visitors/specialty/detail},nodeData:{},extension:{html}}}?id=16\" title=\"Internal Medicine\">Internal Medicine</a></li>\n\t<li><a href=\"${link:{uuid:{1cf82f28-14a8-4fff-b758-86e728eb91bd},repository:{website},path:{/farrerpark/for-patients-and-visitors/specialty/detail},nodeData:{},extension:{html}}}?id=18\" title=\"Neurology\">Neurologyâ€‹</a></li>\n\t<li><a href=\"${link:{uuid:{1cf82f28-14a8-4fff-b758-86e728eb91bd},repository:{website},path:{/farrerpark/for-patients-and-visitors/specialty/detail},nodeData:{},extension:{html}}}?id=28\" title=\"Psychiatry\">Psychiatry</a></li>\n\t<li><a href=\"${link:{uuid:{1cf82f28-14a8-4fff-b758-86e728eb91bd},repository:{website},path:{/farrerpark/for-patients-and-visitors/specialty/detail},nodeData:{},extension:{html}}}?id=30\" title=\"Renal Medicine\">Renal Medicine</a></li>\n\t<li><a href=\"${link:{uuid:{1cf82f28-14a8-4fff-b758-86e728eb91bd},repository:{website},path:{/farrerpark/for-patients-and-visitors/specialty/detail},nodeData:{},extension:{html}}}?id=31\" title=\"Respiratory Medicine\">Respiratory Medicine</a></li>\n</ul>\n</div>\n\n<div class=\"col-6 ml-auto\">\n<h2>Surgical</h2>\n\n<ul>\n\t<li><a href=\"${link:{uuid:{1cf82f28-14a8-4fff-b758-86e728eb91bd},repository:{website},path:{/farrerpark/for-patients-and-visitors/specialty/detail},nodeData:{},extension:{html}}}?id=3\" title=\"Cardiothoracic Surgery\">Cardiothoracic Surgery</a></li>\n\t<li><a href=\"${link:{uuid:{1cf82f28-14a8-4fff-b758-86e728eb91bd},repository:{website},path:{/farrerpark/for-patients-and-visitors/specialty/detail},nodeData:{},extension:{html}}}?id=12\" title=\"General Surgery\">General Surgery</a></li>\n\t<li><a href=\"${link:{uuid:{1cf82f28-14a8-4fff-b758-86e728eb91bd},repository:{website},path:{/farrerpark/for-patients-and-visitors/specialty/detail},nodeData:{},extension:{html}}}?id=13\" title=\"Hand Surgery\">Hand Surgery</a></li>\n\t<li><a href=\"${link:{uuid:{1cf82f28-14a8-4fff-b758-86e728eb91bd},repository:{website},path:{/farrerpark/for-patients-and-visitors/specialty/detail},nodeData:{},extension:{html}}}?id=19\" title=\"Neurosurgery\">Neurosurgery</a></li>\n\t<li><a href=\"${link:{uuid:{1cf82f28-14a8-4fff-b758-86e728eb91bd},repository:{website},path:{/farrerpark/for-patients-and-visitors/specialty/detail},nodeData:{},extension:{html}}}?id=21\" title=\"Obstetrics &amp; Gynecology\">Obstetrics &amp; Gynecologyâ€‹</a></li>\n\t<li><a href=\"${link:{uuid:{1cf82f28-14a8-4fff-b758-86e728eb91bd},repository:{website},path:{/farrerpark/for-patients-and-visitors/specialty/detail},nodeData:{},extension:{html}}}?id=22\" title=\"Ophthalmology\">Ophthalmology</a></li>\n\t<li><a href=\"${link:{uuid:{1cf82f28-14a8-4fff-b758-86e728eb91bd},repository:{website},path:{/farrerpark/for-patients-and-visitors/specialty/detail},nodeData:{},extension:{html}}}?id=23\" title=\"Oral and Maxillofacial Surgery\">Oral and Maxillofacial Surgery</a></li>\n\t<li><a href=\"${link:{uuid:{1cf82f28-14a8-4fff-b758-86e728eb91bd},repository:{website},path:{/farrerpark/for-patients-and-visitors/specialty/detail},nodeData:{},extension:{html}}}?id=25\" title=\"Orthopedic SurgeryS\">Orthopedic Surgery</a></li>\n\t<li><a href=\"${link:{uuid:{1cf82f28-14a8-4fff-b758-86e728eb91bd},repository:{website},path:{/farrerpark/for-patients-and-visitors/specialty/detail},nodeData:{},extension:{html}}}?id=26\" title=\"Otorhinolaryngology\">Otorhinolaryngology</a></li>\n\t<li><a href=\"${link:{uuid:{1cf82f28-14a8-4fff-b758-86e728eb91bd},repository:{website},path:{/farrerpark/for-patients-and-visitors/specialty/detail},nodeData:{},extension:{html}}}?id=27\" title=\"Plastic Surgery\">Plastic Surgery</a></li>\n\t<li><a href=\"${link:{uuid:{1cf82f28-14a8-4fff-b758-86e728eb91bd},repository:{website},path:{/farrerpark/for-patients-and-visitors/specialty/detail},nodeData:{},extension:{html}}}?id=6\" title=\"Urology\">Urology</a></li>\n</ul>\n</div>\n</div>\n</div>\n\n<p><strong>Our 24 hours Consultation Fees are listed below:</strong></p>\n\n<table border=\"1\" cellpadding=\"5\" style=\"width: 100%; border-color: #ffffff; margin-left: auto; margin-right: auto;\">\n\t<tbody>\n\t\t<tr style=\"height: 60px;\">\n\t\t\t<td colspan=\"3\" style=\"height: 60px; background-color:#6D2077; text-align: center; vertical-align: middle;\">\n\t\t\t<h4 style=\"color:#ffffff;\">Consultation Fees (inclusive of GST)</h4>\n\t\t\t</td>\n\t\t</tr>\n\t\t<tr style=\"height: 30px;\">\n\t\t\t<td rowspan=\"3\" style=\"height: 30px; background-color:#dac7dd; text-align: center; vertical-align: top;\"><strong>Mon - Fri</strong></td>\n\t\t\t<td style=\"height: 30px; background-color:#e9deeb; text-align: center; vertical-align: middle;\">8.01am &ndash; 6.00pm</td>\n\t\t\t<td style=\"height: 30px; background-color:#F6F5FA; text-align: center; vertical-align: middle;\">S$63.00</td>\n\t\t</tr>\n\t\t<tr style=\"height: 30px;\">\n\t\t\t<td style=\"height: 30px; background-color:#e9deeb; text-align: center; vertical-align: middle;\">6.01pm &ndash; 12.00am</td>\n\t\t\t<td style=\"height: 30px; background-color:#F6F5FA; text-align: center; vertical-align: middle;\">S$96.00â€‹â€‹</td>\n\t\t</tr>\n\t\t<tr style=\"height: 30px;\">\n\t\t\t<td style=\"height: 30px; background-color:#e9deeb; text-align: center; vertical-align: middle;\">12.01am &ndash; 8.00â€‹am</td>\n\t\t\t<td style=\"height: 30px; background-color:#F6F5FA; text-align: center; vertical-align: middle;\">S$118.00</td>\n\t\t</tr>\n\t\t<tr style=\"height: 30px;\">\n\t\t\t<td rowspan=\"2\" style=\"height: 30px; background-color:#dac7dd; text-align: center; vertical-align: top;\"><strong>Sat - Sun</strong></td>\n\t\t\t<td style=\"height: 30px; background-color:#e9deeb; text-align: center; vertical-align: middle;\">8.01am &ndash; 12.00am</td>\n\t\t\t<td style=\"height: 30px; background-color:#F6F5FA; text-align: center; vertical-align: middle;\">S$102.00</td>\n\t\t</tr>\n\t\t<tr style=\"height: 30px;\">\n\t\t\t<td style=\"height: 30px; background-color:#e9deeb; text-align: center; vertical-align: middle;\">12.01am &ndash; 8.00am</td>\n\t\t\t<td style=\"height: 30px; background-color:#F6F5FA; text-align: center; vertical-align: middle;\">Sâ€‹$123.00</td>\n\t\t</tr>\n\t</tbody>\n</table>\n\n<p></p>\n\n<hr />\n<p></p>\n\n<h2 class=\"bullet-fph\">Contact our 24 HR Emergency Clinic</h2>\n\n<p><strong>Contact:</strong> <a href=\"tel:65-6705-2999\">(65) 6705 2999</a><br />\n<strong>Location:</strong> Level 2<br />\n<strong>Operating Hours:</strong> 24 Hours</p>\n","mgnl:createdBy":"superuser","featureImage":"jcr:5ab04dd4-075e-410b-b421-acfe012e3a17","vrImage":{"@name":"24hr_emergency_clinic.jpg","@path":"/CareandSupport/24HREmergencyClinic/24hr_emergency_clinic.jpg","@id":"jcr:f4affd7f-5866-4d72-9cd4-43de0af3a498","@link":"/dam/jcr:f4affd7f-5866-4d72-9cd4-43de0af3a498/24hr_emergency_clinic.jpg","metadata":{"fileName":"24hr_emergency_clinic.jpg","mimeType":"image/jpeg","fileSize":"115193","height":"500","width":"1590","format":"image/jpeg","creator":["mgl_admin"],"date":"2019-11-23T15:08:46.836+08:00","created":"2019-11-08T06:02:43.392+08:00","modified":"2019-11-23T15:08:46.836+08:00"}},"mgnl:lastModified":"2019-12-03T14:25:46.166+08:00","entityType":"FPH","facilityType":"940045d7-b63a-45b1-a4d0-78f1f4f9ee7b","floorLevel":"2","mgnl:lastModifiedBy":"anonymous","mgnl:lastActivatedVersionCreated":"2019-11-28T14:18:30.179+08:00","@nodes":[]},{"@name":"11","@path":"/facilities/11","@id":"36467b9e-971a-45e6-9fd6-c6527b76af72","@nodeType":"facility","jcr:createdBy":"admin","vrThumbnail":{"@name":"Cardio-Featured-Image.jpg","@path":"/Cardio-Featured-Image.jpg","@id":"jcr:3c024497-c23d-48bd-9a0c-133dd23a65cf","@link":"/dam/jcr:3c024497-c23d-48bd-9a0c-133dd23a65cf/Cardio-Featured-Image.jpg","metadata":{"fileName":"Cardio-Featured-Image.jpg","mimeType":"image/jpeg","fileSize":"163478","height":"285","width":"580","format":"image/jpeg","creator":["mgl_admin"],"date":"2019-11-23T15:08:13.485+08:00","created":"2019-11-11T12:12:55.314+08:00","modified":"2019-11-23T15:08:13.485+08:00"}},"name":"Nuclear Medicine Suite","mgnl:lastActivatedBy":"superuser","mgnl:lastActivated":"2019-11-23T15:06:59.920+08:00","jcr:created":"2019-11-23T15:06:59.823+08:00","mgnl:created":"2019-10-22T11:41:21.230+08:00","writeup":"Nuclear medicine imaging provides very detailed pictures of what is happening inside the body, and can uncover abnormalities which might otherwise.","mgnl:createdBy":"superuser","featureImage":"jcr:3c024497-c23d-48bd-9a0c-133dd23a65cf","vrImage":{"@name":"Cardio-Featured-Image.jpg","@path":"/Cardio-Featured-Image.jpg","@id":"jcr:3c024497-c23d-48bd-9a0c-133dd23a65cf","@link":"/dam/jcr:3c024497-c23d-48bd-9a0c-133dd23a65cf/Cardio-Featured-Image.jpg","metadata":{"fileName":"Cardio-Featured-Image.jpg","mimeType":"image/jpeg","fileSize":"163478","height":"285","width":"580","format":"image/jpeg","creator":["mgl_admin"],"date":"2019-11-23T15:08:13.485+08:00","created":"2019-11-11T12:12:55.314+08:00","modified":"2019-11-23T15:08:13.485+08:00"}},"snippet":"Nuclear medicine imaging provides very detailed pictures of what is happening inside the body, and can uncover abnormalities which might otherwise.","mgnl:lastModified":"2019-12-03T14:25:46.416+08:00","mgnl:activationStatus":"true","entityType":"FPH","facilityType":"04a2e3d5-c030-410e-ba75-88c5af17d5bf","floorLevel":"4","mgnl:lastModifiedBy":"anonymous","@nodes":[]},{"@name":"10","@path":"/facilities/10","@id":"2dc6e006-f05e-46ce-a598-fad7dbf76d56","@nodeType":"facility","jcr:createdBy":"admin","hotspots":["4a016b9b-649e-4350-aed1-ab5d097b5998","c26a3ab5-0a10-4b83-80cf-82563937ec1d"],"vrThumbnail":{"@name":"Cardio-Featured-Image.jpg","@path":"/Cardio-Featured-Image.jpg","@id":"jcr:3c024497-c23d-48bd-9a0c-133dd23a65cf","@link":"/dam/jcr:3c024497-c23d-48bd-9a0c-133dd23a65cf/Cardio-Featured-Image.jpg","metadata":{"fileName":"Cardio-Featured-Image.jpg","mimeType":"image/jpeg","fileSize":"163478","height":"285","width":"580","format":"image/jpeg","creator":["mgl_admin"],"date":"2019-11-23T15:08:13.485+08:00","created":"2019-11-11T12:12:55.314+08:00","modified":"2019-11-23T15:08:13.485+08:00"}},"name":"Intensive Care Unit","mgnl:lastActivatedBy":"superuser","jcr:created":"2019-11-23T15:06:59.980+08:00","mgnl:lastActivated":"2019-11-23T15:07:00.076+08:00","mgnl:created":"2019-10-22T11:39:51.383+08:00","writeup":"â€‹Located at Level 5, the Intensive Care Unit is able to manage patients with a wide range of medical conditions in cardiology, neurology, medical.","mgnl:createdBy":"superuser","featureImage":"jcr:3c024497-c23d-48bd-9a0c-133dd23a65cf","vrImage":{"@name":"Cardio-Featured-Image.jpg","@path":"/Cardio-Featured-Image.jpg","@id":"jcr:3c024497-c23d-48bd-9a0c-133dd23a65cf","@link":"/dam/jcr:3c024497-c23d-48bd-9a0c-133dd23a65cf/Cardio-Featured-Image.jpg","metadata":{"fileName":"Cardio-Featured-Image.jpg","mimeType":"image/jpeg","fileSize":"163478","height":"285","width":"580","format":"image/jpeg","creator":["mgl_admin"],"date":"2019-11-23T15:08:13.485+08:00","created":"2019-11-11T12:12:55.314+08:00","modified":"2019-11-23T15:08:13.485+08:00"}},"snippet":"â€‹Located at Level 5, the Intensive Care Unit is able to manage patients with a wide range of medical conditions in cardiology, neurology, medical.","mgnl:lastModified":"2019-12-03T14:25:46.619+08:00","mgnl:activationStatus":"true","entityType":"FPH","facilityType":"04a2e3d5-c030-410e-ba75-88c5af17d5bf","floorLevel":"3","mgnl:lastModifiedBy":"anonymous","@nodes":[]},{"@name":"1","@path":"/facilities/1","@id":"22883c1d-e1ba-449d-a9f5-7d88eedab50f","@nodeType":"facility","jcr:createdBy":"admin","hotspots":["c26a3ab5-0a10-4b83-80cf-82563937ec1d"],"vrThumbnail":{"@name":"Cardio-Featured-Image.jpg","@path":"/Cardio-Featured-Image.jpg","@id":"jcr:3c024497-c23d-48bd-9a0c-133dd23a65cf","@link":"/dam/jcr:3c024497-c23d-48bd-9a0c-133dd23a65cf/Cardio-Featured-Image.jpg","metadata":{"fileName":"Cardio-Featured-Image.jpg","mimeType":"image/jpeg","fileSize":"163478","height":"285","width":"580","format":"image/jpeg","creator":["mgl_admin"],"date":"2019-11-23T15:08:13.485+08:00","created":"2019-11-11T12:12:55.314+08:00","modified":"2019-11-23T15:08:13.485+08:00"}},"name":"Major Surgery Suite","mgnl:lastActivatedBy":"superuser","jcr:created":"2019-11-23T15:07:00.167+08:00","mgnl:lastActivated":"2019-11-23T15:07:00.248+08:00","mgnl:created":"2019-10-18T23:13:45.087+08:00","writeup":"The Major Surgery Suites is the place where major surgical operations are performed. This ultra modern facility allows a comprehensive range of surgical procedures including intra-abdominal operations, breast surgery, vascular surgery, plastic and reconstructive surgery, urology, gynae-oncology surgery and orthopaedic surgery, to be performed in a safe, secure and sterile environment.","mgnl:createdBy":"superuser","featureImage":"jcr:3c024497-c23d-48bd-9a0c-133dd23a65cf","vrImage":{"@name":"Cardio-Featured-Image.jpg","@path":"/Cardio-Featured-Image.jpg","@id":"jcr:3c024497-c23d-48bd-9a0c-133dd23a65cf","@link":"/dam/jcr:3c024497-c23d-48bd-9a0c-133dd23a65cf/Cardio-Featured-Image.jpg","metadata":{"fileName":"Cardio-Featured-Image.jpg","mimeType":"image/jpeg","fileSize":"163478","height":"285","width":"580","format":"image/jpeg","creator":["mgl_admin"],"date":"2019-11-23T15:08:13.485+08:00","created":"2019-11-11T12:12:55.314+08:00","modified":"2019-11-23T15:08:13.485+08:00"}},"snippet":"The Major Surgery Suites is the place where major surgical operations are performed. This ultra modern facility allows a comprehensive range of surgical procedures including intra-abdominal operations, breast surgery, vascular surgery, plastic and reconstructive surgery, urology, gynae-oncology surgery and orthopaedic surgery, to be performed in a safe, secure and sterile environment.","mgnl:lastModified":"2019-12-03T14:25:46.807+08:00","mgnl:activationStatus":"true","entityType":"FPH","facilityType":"04a2e3d5-c030-410e-ba75-88c5af17d5bf","floorLevel":"2","mgnl:lastModifiedBy":"anonymous","@nodes":[]},{"@name":"2","@path":"/facilities/2","@id":"19c4273f-2009-4d60-8352-559bdebb34a0","@nodeType":"facility","jcr:createdBy":"admin","hotspots":["4a016b9b-649e-4350-aed1-ab5d097b5998"],"vrThumbnail":{"@name":"Cardio-Featured-Image.jpg","@path":"/Cardio-Featured-Image.jpg","@id":"jcr:3c024497-c23d-48bd-9a0c-133dd23a65cf","@link":"/dam/jcr:3c024497-c23d-48bd-9a0c-133dd23a65cf/Cardio-Featured-Image.jpg","metadata":{"fileName":"Cardio-Featured-Image.jpg","mimeType":"image/jpeg","fileSize":"163478","height":"285","width":"580","format":"image/jpeg","creator":["mgl_admin"],"date":"2019-11-23T15:08:13.485+08:00","created":"2019-11-11T12:12:55.314+08:00","modified":"2019-11-23T15:08:13.485+08:00"}},"name":"Inpatient Suite","mgnl:lastActivatedBy":"superuser","jcr:created":"2019-11-23T15:07:00.323+08:00","mgnl:lastActivated":"2019-11-23T15:07:00.424+08:00","mgnl:created":"2019-10-22T10:50:59.751+08:00","writeup":"<p>Farrer Park Hospital has the design capacity to have 145 beds for inpatients.</p>\n\n<p>Lorem ipsum dolor sit amet, consectetur adipiscing elit. Nulla sagittis pharetra velit. Proin pulvinar purus diam. Sed vestibulum, felis ac ornare sodales, ante leo fermentum nisl, quis auctor tellus dolor semper arcu. Quisque posuere volutpat scelerisque. Interdum et malesuada fames ac ante ipsum primis in faucibus. Curabitur volutpat lectus in lacus ultricies tincidunt. Vivamus non blandit mauris, et iaculis libero. Sed tempor lectus libero, a sollicitudin tortor placerat et. Fusce sapien metus, pretium eu lectus a, dignissim vehicula sapien. Etiam a posuere ex. Integer turpis purus, posuere id pulvinar quis, venenatis nec mi. Donec nec dolor vel justo bibendum dictum. Nulla sit amet massa tortor.</p>\n\n<blockquote>\n<p>Suspendisse potenti. Phasellus lacinia turpis erat, nec posuere nisl laoreet quis. Phasellus vulputate porttitor tellus et fermentum. Vestibulum eget ligula libero. Sed mollis ligula et sapien luctus, a aliquam urna tincidunt. Suspendisse vitae dapibus sapien. Nullam gravida sodales ultricies. Phasellus gravida sem eu quam pulvinar luctus. Praesent condimentum gravida luctus. In molestie ipsum nulla, non aliquam nisi ullamcorper ut.</p>\n</blockquote>\n\n<p>Aliquam tortor libero, mollis vitae egestas quis, vehicula quis lacus. Etiam ut augue ante. Maecenas sollicitudin sem nisi, ultricies ullamcorper sapien volutpat eu. Quisque finibus fermentum lorem vitae tincidunt. Nulla eget diam non nunc malesuada sollicitudin. Quisque ullamcorper hendrerit viverra. Maecenas arcu dolor, fringilla id maximus nec, dictum posuere sem. Maecenas quis semper nunc. Morbi ac nunc hendrerit, varius nunc sit amet, pretium massa. Suspendisse vitae dui sit amet purus interdum maximus. Pellentesque sodales magna et sem elementum, vel mollis elit imperdiet. Pellentesque vulputate ante in neque consectetur, a interdum justo porta. Praesent commodo feugiat odio.</p>\n","mgnl:createdBy":"superuser","featureImage":"jcr:3c024497-c23d-48bd-9a0c-133dd23a65cf","vrImage":{"@name":"Cardio-Featured-Image.jpg","@path":"/Cardio-Featured-Image.jpg","@id":"jcr:3c024497-c23d-48bd-9a0c-133dd23a65cf","@link":"/dam/jcr:3c024497-c23d-48bd-9a0c-133dd23a65cf/Cardio-Featured-Image.jpg","metadata":{"fileName":"Cardio-Featured-Image.jpg","mimeType":"image/jpeg","fileSize":"163478","height":"285","width":"580","format":"image/jpeg","creator":["mgl_admin"],"date":"2019-11-23T15:08:13.485+08:00","created":"2019-11-11T12:12:55.314+08:00","modified":"2019-11-23T15:08:13.485+08:00"}},"snippet":"Farrer Park Hospital has the design capacity to have 145 beds for inpatients.","mgnl:lastModified":"2019-12-03T14:25:47.025+08:00","mgnl:activationStatus":"true","entityType":"FPH","facilityType":"04a2e3d5-c030-410e-ba75-88c5af17d5bf","floorLevel":"1","mgnl:lastModifiedBy":"anonymous","@nodes":[]}]}