{"results":[{"@name":"1","@path":"/subfacilities/1","@id":"4a016b9b-649e-4350-aed1-ab5d097b5998","@nodeType":"subfacility","jcr:createdBy":"admin","name":"Single Room 1","mgnl:lastActivatedBy":"superuser","mgnl:lastActivated":"2019-12-03T13:57:09.942+08:00","jcr:created":"2019-12-03T14:20:24.092+08:00","mgnl:created":"2019-12-03T13:49:45.918+08:00","writeup":"This is a single room 1","distance":"33","mgnl:createdBy":"superuser","pitch":"2","radius":"1.2","vrImage":{"@name":"Cardio-Featured-Image.jpg","@path":"/Cardio-Featured-Image.jpg","@id":"jcr:3c024497-c23d-48bd-9a0c-133dd23a65cf","@link":"/dam/jcr:3c024497-c23d-48bd-9a0c-133dd23a65cf/Cardio-Featured-Image.jpg","metadata":{"fileName":"Cardio-Featured-Image.jpg","mimeType":"image/jpeg","fileSize":"163478","height":"285","width":"580","format":"image/jpeg","creator":["mgl_admin"],"date":"2019-11-23T15:08:13.483+08:00","created":"2019-11-11T12:12:55.314+08:00","modified":"2019-11-23T15:08:13.483+08:00"}},"yaw":"12","mgnl:lastModified":"2019-12-03T14:20:24.092+08:00","mgnl:activationStatus":"true","mgnl:lastModifiedBy":"anonymous","@nodes":[]}]}