{
   "results":[
      {
         "@name":"2",
         "@path":"/subfacilities/2",
         "@id":"cb27d68d-4b90-4fc7-b612-8792a07f5edc",
         "@nodeType":"subfacility",
         "jcr:createdBy":"admin",
         "name":"Single Room 2",
         "jcr:created":"2019-11-11T19:00:07.040+08:00",
         "distance":"13",
         "mgnl:created":"2019-11-11T19:00:07.040+08:00",
         "writeup":"",
         "mgnl:createdBy":"superuser",
         "pitch":"0",
         "radius":"0.5",
         "vrImage":{
            "@name":"2019-0912-Post-surgery-Wound-Care-Thumbnail-1.jpg",
            "@path":"/2019-0912-Post-surgery-Wound-Care-Thumbnail-1.jpg",
            "@id":"jcr:3dab211e-d868-4eeb-9331-072b88883e75",
            "@link":"/farrerpark-webapp/dam/jcr:3dab211e-d868-4eeb-9331-072b88883e75/2019-0912%20Post-surgery%20Wound%20Care%20Thumbnail-1.jpg",
            "metadata":{
               "fileName":"2019-0912 Post-surgery Wound Care Thumbnail-1.jpg",
               "mimeType":"image/jpeg",
               "fileSize":"149855",
               "height":"300",
               "width":"600",
               "format":"image/jpeg",
               "creator":[
                  "superuser"
               ],
               "date":"2019-11-04T23:23:59.226+08:00",
               "created":"2019-11-04T23:23:59.226+08:00",
               "modified":"2019-11-04T23:23:59.226+08:00"
            }
         },
         "yaw":"-55",
         "mgnl:lastModified":"2019-11-11T19:00:07.040+08:00",
         "mgnl:lastModifiedBy":"superuser",
         "@nodes":[

         ]
      },
      {
         "@name":"1",
         "@path":"/subfacilities/1",
         "@id":"c406921a-cdd9-4880-91ba-dd4019f212c4",
         "@nodeType":"subfacility",
         "jcr:createdBy":"admin",
         "name":"Single Room Toilet",
         "jcr:created":"2019-11-11T18:59:28.457+08:00",
         "mgnl:created":"2019-11-11T18:59:28.457+08:00",
         "writeup":"",
         "distance":"13.0",
         "mgnl:createdBy":"superuser",
         "pitch":"30.0",
         "radius":"0.05",
         "vrImage":{
            "@name":"2019-0912-Post-surgery-Wound-Care-Thumbnail-1.jpg",
            "@path":"/2019-0912-Post-surgery-Wound-Care-Thumbnail-1.jpg",
            "@id":"jcr:3dab211e-d868-4eeb-9331-072b88883e75",
            "@link":"/farrerpark-webapp/dam/jcr:3dab211e-d868-4eeb-9331-072b88883e75/2019-0912%20Post-surgery%20Wound%20Care%20Thumbnail-1.jpg",
            "metadata":{
               "fileName":"2019-0912 Post-surgery Wound Care Thumbnail-1.jpg",
               "mimeType":"image/jpeg",
               "fileSize":"149855",
               "height":"300",
               "width":"600",
               "format":"image/jpeg",
               "creator":[
                  "superuser"
               ],
               "date":"2019-11-04T23:23:59.226+08:00",
               "created":"2019-11-04T23:23:59.226+08:00",
               "modified":"2019-11-04T23:23:59.226+08:00"
            }
         },
         "yaw":"-55",
         "mgnl:lastModified":"2019-11-12T09:45:45.670+08:00",
         "mgnl:lastModifiedBy":"superuser",
         "@nodes":[

         ]
      }
   ]
}